"tree","inference_model","inference_model_weight","site_model","clock_model","tree_prior","error_1","error_2","error_3","error_4","error_5","error_6","error_7","error_8","error_9","error_10"
"true","generative",NA,"JC69","strict","yule",0.0295818540044302,0.0567776270933285,0.10180563968235,0.0312432929895445,0.0318034066937196,0.0156719486853346,0.0280645554300949,0.0408838407485415,0.0288110464104454,0.0242075447024417
"true","candidate",1,"GTR","relaxed_log_normal","birth_death",0.0715886317800304,0.027516337725815,0.0343587691161895,0.027659087828894,0.0691343146166951,0.0644296220751184,0.0396739148636927,0.0679988267264319,0.040143423100477,0.0799436459466674
